{
  "mae": 0.037399527186761206,
  "mse": 0.02418518518518519,
  "rmse": 0.155515867953033,
  "r2": 0.9903347739272601,
  "mape": 0.8841579421366652
}